{"schemaVersion":"1.0","appDefinitionTemplate":{"id":"/providers/Microsoft.PowerApps/apps/","type":"Microsoft.PowerApps/apps","tags":{"primaryDeviceWidth":"640","primaryDeviceHeight":"1136","supportsPortrait":"true","supportsLandscape":"true","primaryFormFactor":"Phone","showStatusBar":"false","publisherVersion":"3.24054.19","minimumRequiredApiVersion":"2.2.0","hasComponent":"false","hasUnlockedComponent":"false","isUnifiedRootApp":"false","sienaVersion":"20240608T181219Z-3.24054.19.0"},"properties":{"appVersion":"2024-06-08T18:12:19Z","lifeCycleId":"Published","createdByClientVersion":{"major":3,"minor":24054,"build":19,"revision":0,"majorRevision":0,"minorRevision":0},"minClientVersion":{"major":3,"minor":24054,"build":19,"revision":0,"majorRevision":0,"minorRevision":0},"backgroundColor":"RGBA(0,176,240,1)","backgroundImageUri":"/17525126409988698211/N7737c965-3b90-4156-b422-fcfbacd52d8c-logoSmallFile","displayName":"ConferenceBooking(Till 6)","description":"","commitMessage":"","appUris":{"documentUri":{"value":"/17525126409988698211/Naa92015e-e03a-487c-ac44-3f5dc594c9cd-document.msapp"},"imageUris":[],"additionalUris":[{"isSolutionAware":false,"value":"/17525126409988698211/N75cec207-a0d8-4552-9b96-d239b0b42014-identity.json"}]},"createdTime":"0001-01-01T00:00:00Z","lastModifiedTime":"0001-01-01T00:00:00Z","sharedGroupsCount":0,"sharedUsersCount":0,"connectionReferences":{"1429ae6f-d71d-4304-9e16-c6a3583355f1":{"id":"e80ef7b7-5c09-4eab-9db9-c43960c48767","displayName":"Google Sheets","iconUri":"https://connectoricons-prod.azureedge.net/releases/v1.0.1686/1.0.1686.3706/googlesheet/icon.png","dataSources":["Conference Booking","Conference Master","Member Master"],"dependencies":[],"dependents":[],"parameterHints":{},"parameterHintsV2":{},"isOnPremiseConnection":false,"bypassConsent":false,"dataSets":{"14CzYIvfDCgtSpk--oDPLMQGEIJS4nUHBlAJIEJRtCTw":{"dataSources":{"Conference Booking":{"tableName":"0"},"Conference Master":{"tableName":"492662632"},"Member Master":{"tableName":"1519755280"}}}},"apiTier":"Standard","isCustomApiConnection":false,"actions":["providers/PowerPlatform.Governance/Operations/Read","providers/PowerPlatform.Governance/Operations/Write","providers/PowerPlatform.Governance/Operations/Delete"]}},"databaseReferences":{},"almMode":"Environment","performanceOptimizationEnabled":true,"canConsumeAppPass":true,"enableModernRuntimeMode":false,"executionRestrictions":{"isTeamsOnly":false,"dataLossPreventionEvaluationResult":{"status":"Compliant","lastEvaluationDate":"2024-06-07T11:35:49.190335Z","violations":[],"violationsByPolicy":[],"violationErrorMessage":"The app uses the following connectors: shared_googlesheet."}}},"appType":"ClassicCanvasApp","appComponents":[]}}